AST,3,11,9,object
Add,3,11,9,operator
And,3,11,9,boolop
AnnAssign,3,11,9,stmt
Assert,3,11,9,stmt
Assign,3,11,9,stmt
AsyncFor,3,11,9,stmt
AsyncFunctionDef,3,11,9,stmt
AsyncWith,3,11,9,stmt
Attribute,3,11,9,expr
AugAssign,3,11,9,stmt
AugLoad,3,11,9,expr_context
AugStore,3,11,9,expr_context
Await,3,11,9,expr
BinOp,3,11,9,expr
BitAnd,3,11,9,operator
BitOr,3,11,9,operator
BitXor,3,11,9,operator
BoolOp,3,11,9,expr
Break,3,11,9,stmt
Call,3,11,9,expr
ClassDef,3,11,9,stmt
Compare,3,11,9,expr
Constant,3,11,9,expr
Continue,3,11,9,stmt
Del,3,11,9,expr_context
Delete,3,11,9,stmt
Dict,3,11,9,expr
DictComp,3,11,9,expr
Div,3,11,9,operator
Eq,3,11,9,cmpop
ExceptHandler,3,11,9,excepthandler
Expr,3,11,9,stmt
Expression,3,11,9,mod
ExtSlice,3,11,9,slice
FloorDiv,3,11,9,operator
For,3,11,9,stmt
FormattedValue,3,11,9,expr
FunctionDef,3,11,9,stmt
FunctionType,3,11,9,mod
GeneratorExp,3,11,9,expr
Global,3,11,9,stmt
Gt,3,11,9,cmpop
GtE,3,11,9,cmpop
If,3,11,9,stmt
IfExp,3,11,9,expr
Import,3,11,9,stmt
ImportFrom,3,11,9,stmt
In,3,11,9,cmpop
Index,3,11,9,slice
Interactive,3,11,9,mod
Invert,3,11,9,unaryop
Is,3,11,9,cmpop
IsNot,3,11,9,cmpop
JoinedStr,3,11,9,expr
LShift,3,11,9,operator
Lambda,3,11,9,expr
List,3,11,9,expr
ListComp,3,11,9,expr
Load,3,11,9,expr_context
Lt,3,11,9,cmpop
LtE,3,11,9,cmpop
MatMult,3,11,9,operator
Match,3,11,9,stmt
MatchAs,3,11,9,pattern
MatchClass,3,11,9,pattern
MatchMapping,3,11,9,pattern
MatchOr,3,11,9,pattern
MatchSequence,3,11,9,pattern
MatchSingleton,3,11,9,pattern
MatchStar,3,11,9,pattern
MatchValue,3,11,9,pattern
Mod,3,11,9,operator
Module,3,11,9,mod
Mult,3,11,9,operator
Name,3,11,9,expr
NamedExpr,3,11,9,expr
Nonlocal,3,11,9,stmt
Not,3,11,9,unaryop
NotEq,3,11,9,cmpop
NotIn,3,11,9,cmpop
Or,3,11,9,boolop
Param,3,11,9,expr_context
Pass,3,11,9,stmt
Pow,3,11,9,operator
RShift,3,11,9,operator
Raise,3,11,9,stmt
Return,3,11,9,stmt
Set,3,11,9,expr
SetComp,3,11,9,expr
Slice,3,11,9,expr
Starred,3,11,9,expr
Store,3,11,9,expr_context
Sub,3,11,9,operator
Subscript,3,11,9,expr
Suite,3,11,9,mod
Try,3,11,9,stmt
TryStar,3,11,9,stmt
Tuple,3,11,9,expr
TypeIgnore,3,11,9,type_ignore
UAdd,3,11,9,unaryop
USub,3,11,9,unaryop
UnaryOp,3,11,9,expr
While,3,11,9,stmt
With,3,11,9,stmt
Yield,3,11,9,expr
YieldFrom,3,11,9,expr
alias,3,11,9,AST
arg,3,11,9,AST
arguments,3,11,9,AST
boolop,3,11,9,AST
cmpop,3,11,9,AST
comprehension,3,11,9,AST
excepthandler,3,11,9,AST
expr,3,11,9,AST
expr_context,3,11,9,AST
keyword,3,11,9,AST
match_case,3,11,9,AST
mod,3,11,9,AST
operator,3,11,9,AST
pattern,3,11,9,AST
slice,3,11,9,AST
stmt,3,11,9,AST
type_ignore,3,11,9,AST
unaryop,3,11,9,AST
withitem,3,11,9,AST
AST,3,12,10,object
Add,3,12,10,operator
And,3,12,10,boolop
AnnAssign,3,12,10,stmt
Assert,3,12,10,stmt
Assign,3,12,10,stmt
AsyncFor,3,12,10,stmt
AsyncFunctionDef,3,12,10,stmt
AsyncWith,3,12,10,stmt
Attribute,3,12,10,expr
AugAssign,3,12,10,stmt
AugLoad,3,12,10,expr_context
AugStore,3,12,10,expr_context
Await,3,12,10,expr
BinOp,3,12,10,expr
BitAnd,3,12,10,operator
BitOr,3,12,10,operator
BitXor,3,12,10,operator
BoolOp,3,12,10,expr
Break,3,12,10,stmt
Call,3,12,10,expr
ClassDef,3,12,10,stmt
Compare,3,12,10,expr
Constant,3,12,10,expr
Continue,3,12,10,stmt
Del,3,12,10,expr_context
Delete,3,12,10,stmt
Dict,3,12,10,expr
DictComp,3,12,10,expr
Div,3,12,10,operator
Eq,3,12,10,cmpop
ExceptHandler,3,12,10,excepthandler
Expr,3,12,10,stmt
Expression,3,12,10,mod
ExtSlice,3,12,10,slice
FloorDiv,3,12,10,operator
For,3,12,10,stmt
FormattedValue,3,12,10,expr
FunctionDef,3,12,10,stmt
FunctionType,3,12,10,mod
GeneratorExp,3,12,10,expr
Global,3,12,10,stmt
Gt,3,12,10,cmpop
GtE,3,12,10,cmpop
If,3,12,10,stmt
IfExp,3,12,10,expr
Import,3,12,10,stmt
ImportFrom,3,12,10,stmt
In,3,12,10,cmpop
Index,3,12,10,slice
Interactive,3,12,10,mod
Invert,3,12,10,unaryop
Is,3,12,10,cmpop
IsNot,3,12,10,cmpop
JoinedStr,3,12,10,expr
LShift,3,12,10,operator
Lambda,3,12,10,expr
List,3,12,10,expr
ListComp,3,12,10,expr
Load,3,12,10,expr_context
Lt,3,12,10,cmpop
LtE,3,12,10,cmpop
MatMult,3,12,10,operator
Match,3,12,10,stmt
MatchAs,3,12,10,pattern
MatchClass,3,12,10,pattern
MatchMapping,3,12,10,pattern
MatchOr,3,12,10,pattern
MatchSequence,3,12,10,pattern
MatchSingleton,3,12,10,pattern
MatchStar,3,12,10,pattern
MatchValue,3,12,10,pattern
Mod,3,12,10,operator
Module,3,12,10,mod
Mult,3,12,10,operator
Name,3,12,10,expr
NamedExpr,3,12,10,expr
Nonlocal,3,12,10,stmt
Not,3,12,10,unaryop
NotEq,3,12,10,cmpop
NotIn,3,12,10,cmpop
Or,3,12,10,boolop
Param,3,12,10,expr_context
ParamSpec,3,12,10,type_param
Pass,3,12,10,stmt
Pow,3,12,10,operator
RShift,3,12,10,operator
Raise,3,12,10,stmt
Return,3,12,10,stmt
Set,3,12,10,expr
SetComp,3,12,10,expr
Slice,3,12,10,expr
Starred,3,12,10,expr
Store,3,12,10,expr_context
Sub,3,12,10,operator
Subscript,3,12,10,expr
Suite,3,12,10,mod
Try,3,12,10,stmt
TryStar,3,12,10,stmt
Tuple,3,12,10,expr
TypeAlias,3,12,10,stmt
TypeIgnore,3,12,10,type_ignore
TypeVar,3,12,10,type_param
TypeVarTuple,3,12,10,type_param
UAdd,3,12,10,unaryop
USub,3,12,10,unaryop
UnaryOp,3,12,10,expr
While,3,12,10,stmt
With,3,12,10,stmt
Yield,3,12,10,expr
YieldFrom,3,12,10,expr
alias,3,12,10,AST
arg,3,12,10,AST
arguments,3,12,10,AST
boolop,3,12,10,AST
cmpop,3,12,10,AST
comprehension,3,12,10,AST
excepthandler,3,12,10,AST
expr,3,12,10,AST
expr_context,3,12,10,AST
keyword,3,12,10,AST
match_case,3,12,10,AST
mod,3,12,10,AST
operator,3,12,10,AST
pattern,3,12,10,AST
slice,3,12,10,AST
stmt,3,12,10,AST
type_ignore,3,12,10,AST
type_param,3,12,10,AST
unaryop,3,12,10,AST
withitem,3,12,10,AST
AST,3,13,16,object
Add,3,13,16,operator
And,3,13,16,boolop
AnnAssign,3,13,16,stmt
Assert,3,13,16,stmt
Assign,3,13,16,stmt
AsyncFor,3,13,16,stmt
AsyncFunctionDef,3,13,16,stmt
AsyncWith,3,13,16,stmt
Attribute,3,13,16,expr
AugAssign,3,13,16,stmt
AugLoad,3,13,16,expr_context
AugStore,3,13,16,expr_context
Await,3,13,16,expr
BinOp,3,13,16,expr
BitAnd,3,13,16,operator
BitOr,3,13,16,operator
BitXor,3,13,16,operator
BoolOp,3,13,16,expr
Break,3,13,16,stmt
Call,3,13,16,expr
ClassDef,3,13,16,stmt
Compare,3,13,16,expr
Constant,3,13,16,expr
Continue,3,13,16,stmt
Del,3,13,16,expr_context
Delete,3,13,16,stmt
Dict,3,13,16,expr
DictComp,3,13,16,expr
Div,3,13,16,operator
Eq,3,13,16,cmpop
ExceptHandler,3,13,16,excepthandler
Expr,3,13,16,stmt
Expression,3,13,16,mod
ExtSlice,3,13,16,slice
FloorDiv,3,13,16,operator
For,3,13,16,stmt
FormattedValue,3,13,16,expr
FunctionDef,3,13,16,stmt
FunctionType,3,13,16,mod
GeneratorExp,3,13,16,expr
Global,3,13,16,stmt
Gt,3,13,16,cmpop
GtE,3,13,16,cmpop
If,3,13,16,stmt
IfExp,3,13,16,expr
Import,3,13,16,stmt
ImportFrom,3,13,16,stmt
In,3,13,16,cmpop
Index,3,13,16,slice
Interactive,3,13,16,mod
Invert,3,13,16,unaryop
Is,3,13,16,cmpop
IsNot,3,13,16,cmpop
JoinedStr,3,13,16,expr
LShift,3,13,16,operator
Lambda,3,13,16,expr
List,3,13,16,expr
ListComp,3,13,16,expr
Load,3,13,16,expr_context
Lt,3,13,16,cmpop
LtE,3,13,16,cmpop
MatMult,3,13,16,operator
Match,3,13,16,stmt
MatchAs,3,13,16,pattern
MatchClass,3,13,16,pattern
MatchMapping,3,13,16,pattern
MatchOr,3,13,16,pattern
MatchSequence,3,13,16,pattern
MatchSingleton,3,13,16,pattern
MatchStar,3,13,16,pattern
MatchValue,3,13,16,pattern
Mod,3,13,16,operator
Module,3,13,16,mod
Mult,3,13,16,operator
Name,3,13,16,expr
NamedExpr,3,13,16,expr
Nonlocal,3,13,16,stmt
Not,3,13,16,unaryop
NotEq,3,13,16,cmpop
NotIn,3,13,16,cmpop
Or,3,13,16,boolop
Param,3,13,16,expr_context
ParamSpec,3,13,16,type_param
Pass,3,13,16,stmt
Pow,3,13,16,operator
RShift,3,13,16,operator
Raise,3,13,16,stmt
Return,3,13,16,stmt
Set,3,13,16,expr
SetComp,3,13,16,expr
Slice,3,13,16,expr
Starred,3,13,16,expr
Store,3,13,16,expr_context
Sub,3,13,16,operator
Subscript,3,13,16,expr
Suite,3,13,16,mod
Try,3,13,16,stmt
TryStar,3,13,16,stmt
Tuple,3,13,16,expr
TypeAlias,3,13,16,stmt
TypeIgnore,3,13,16,type_ignore
TypeVar,3,13,16,type_param
TypeVarTuple,3,13,16,type_param
UAdd,3,13,16,unaryop
USub,3,13,16,unaryop
UnaryOp,3,13,16,expr
While,3,13,16,stmt
With,3,13,16,stmt
Yield,3,13,16,expr
YieldFrom,3,13,16,expr
alias,3,13,16,AST
arg,3,13,16,AST
arguments,3,13,16,AST
boolop,3,13,16,AST
cmpop,3,13,16,AST
comprehension,3,13,16,AST
excepthandler,3,13,16,AST
expr,3,13,16,AST
expr_context,3,13,16,AST
keyword,3,13,16,AST
match_case,3,13,16,AST
mod,3,13,16,AST
operator,3,13,16,AST
pattern,3,13,16,AST
slice,3,13,16,AST
stmt,3,13,16,AST
type_ignore,3,13,16,AST
type_param,3,13,16,AST
unaryop,3,13,16,AST
withitem,3,13,16,AST
AST,3,14,8,object
Add,3,14,8,operator
And,3,14,8,boolop
AnnAssign,3,14,8,stmt
Assert,3,14,8,stmt
Assign,3,14,8,stmt
AsyncFor,3,14,8,stmt
AsyncFunctionDef,3,14,8,stmt
AsyncWith,3,14,8,stmt
Attribute,3,14,8,expr
AugAssign,3,14,8,stmt
AugLoad,3,14,8,expr_context
AugStore,3,14,8,expr_context
Await,3,14,8,expr
BinOp,3,14,8,expr
BitAnd,3,14,8,operator
BitOr,3,14,8,operator
BitXor,3,14,8,operator
BoolOp,3,14,8,expr
Break,3,14,8,stmt
Call,3,14,8,expr
ClassDef,3,14,8,stmt
Compare,3,14,8,expr
Constant,3,14,8,expr
Continue,3,14,8,stmt
Del,3,14,8,expr_context
Delete,3,14,8,stmt
Dict,3,14,8,expr
DictComp,3,14,8,expr
Div,3,14,8,operator
Eq,3,14,8,cmpop
ExceptHandler,3,14,8,excepthandler
Expr,3,14,8,stmt
Expression,3,14,8,mod
ExtSlice,3,14,8,slice
FloorDiv,3,14,8,operator
For,3,14,8,stmt
FormattedValue,3,14,8,expr
FunctionDef,3,14,8,stmt
FunctionType,3,14,8,mod
GeneratorExp,3,14,8,expr
Global,3,14,8,stmt
Gt,3,14,8,cmpop
GtE,3,14,8,cmpop
If,3,14,8,stmt
IfExp,3,14,8,expr
Import,3,14,8,stmt
ImportFrom,3,14,8,stmt
In,3,14,8,cmpop
Index,3,14,8,slice
Interactive,3,14,8,mod
Interpolation,3,14,8,expr
Invert,3,14,8,unaryop
Is,3,14,8,cmpop
IsNot,3,14,8,cmpop
JoinedStr,3,14,8,expr
LShift,3,14,8,operator
Lambda,3,14,8,expr
List,3,14,8,expr
ListComp,3,14,8,expr
Load,3,14,8,expr_context
Lt,3,14,8,cmpop
LtE,3,14,8,cmpop
MatMult,3,14,8,operator
Match,3,14,8,stmt
MatchAs,3,14,8,pattern
MatchClass,3,14,8,pattern
MatchMapping,3,14,8,pattern
MatchOr,3,14,8,pattern
MatchSequence,3,14,8,pattern
MatchSingleton,3,14,8,pattern
MatchStar,3,14,8,pattern
MatchValue,3,14,8,pattern
Mod,3,14,8,operator
Module,3,14,8,mod
Mult,3,14,8,operator
Name,3,14,8,expr
NamedExpr,3,14,8,expr
Nonlocal,3,14,8,stmt
Not,3,14,8,unaryop
NotEq,3,14,8,cmpop
NotIn,3,14,8,cmpop
Or,3,14,8,boolop
Param,3,14,8,expr_context
ParamSpec,3,14,8,type_param
Pass,3,14,8,stmt
Pow,3,14,8,operator
RShift,3,14,8,operator
Raise,3,14,8,stmt
Return,3,14,8,stmt
Set,3,14,8,expr
SetComp,3,14,8,expr
Slice,3,14,8,expr
Starred,3,14,8,expr
Store,3,14,8,expr_context
Sub,3,14,8,operator
Subscript,3,14,8,expr
Suite,3,14,8,mod
TemplateStr,3,14,8,expr
Try,3,14,8,stmt
TryStar,3,14,8,stmt
Tuple,3,14,8,expr
TypeAlias,3,14,8,stmt
TypeIgnore,3,14,8,type_ignore
TypeVar,3,14,8,type_param
TypeVarTuple,3,14,8,type_param
UAdd,3,14,8,unaryop
USub,3,14,8,unaryop
UnaryOp,3,14,8,expr
While,3,14,8,stmt
With,3,14,8,stmt
Yield,3,14,8,expr
YieldFrom,3,14,8,expr
alias,3,14,8,AST
arg,3,14,8,AST
arguments,3,14,8,AST
boolop,3,14,8,AST
cmpop,3,14,8,AST
comprehension,3,14,8,AST
excepthandler,3,14,8,AST
expr,3,14,8,AST
expr_context,3,14,8,AST
keyword,3,14,8,AST
match_case,3,14,8,AST
mod,3,14,8,AST
operator,3,14,8,AST
pattern,3,14,8,AST
slice,3,14,8,AST
stmt,3,14,8,AST
type_ignore,3,14,8,AST
type_param,3,14,8,AST
unaryop,3,14,8,AST
withitem,3,14,8,AST
AST,3,15,0,object
Add,3,15,0,operator
And,3,15,0,boolop
AnnAssign,3,15,0,stmt
Assert,3,15,0,stmt
Assign,3,15,0,stmt
AsyncFor,3,15,0,stmt
AsyncFunctionDef,3,15,0,stmt
AsyncWith,3,15,0,stmt
Attribute,3,15,0,expr
AugAssign,3,15,0,stmt
AugLoad,3,15,0,expr_context
AugStore,3,15,0,expr_context
Await,3,15,0,expr
BinOp,3,15,0,expr
BitAnd,3,15,0,operator
BitOr,3,15,0,operator
BitXor,3,15,0,operator
BoolOp,3,15,0,expr
Break,3,15,0,stmt
Call,3,15,0,expr
ClassDef,3,15,0,stmt
Compare,3,15,0,expr
Constant,3,15,0,expr
Continue,3,15,0,stmt
Del,3,15,0,expr_context
Delete,3,15,0,stmt
Dict,3,15,0,expr
DictComp,3,15,0,expr
Div,3,15,0,operator
Eq,3,15,0,cmpop
ExceptHandler,3,15,0,excepthandler
Expr,3,15,0,stmt
Expression,3,15,0,mod
ExtSlice,3,15,0,slice
FloorDiv,3,15,0,operator
For,3,15,0,stmt
FormattedValue,3,15,0,expr
FunctionDef,3,15,0,stmt
FunctionType,3,15,0,mod
GeneratorExp,3,15,0,expr
Global,3,15,0,stmt
Gt,3,15,0,cmpop
GtE,3,15,0,cmpop
If,3,15,0,stmt
IfExp,3,15,0,expr
Import,3,15,0,stmt
ImportFrom,3,15,0,stmt
In,3,15,0,cmpop
Index,3,15,0,slice
Interactive,3,15,0,mod
Interpolation,3,15,0,expr
Invert,3,15,0,unaryop
Is,3,15,0,cmpop
IsNot,3,15,0,cmpop
JoinedStr,3,15,0,expr
LShift,3,15,0,operator
Lambda,3,15,0,expr
List,3,15,0,expr
ListComp,3,15,0,expr
Load,3,15,0,expr_context
Lt,3,15,0,cmpop
LtE,3,15,0,cmpop
MatMult,3,15,0,operator
Match,3,15,0,stmt
MatchAs,3,15,0,pattern
MatchClass,3,15,0,pattern
MatchMapping,3,15,0,pattern
MatchOr,3,15,0,pattern
MatchSequence,3,15,0,pattern
MatchSingleton,3,15,0,pattern
MatchStar,3,15,0,pattern
MatchValue,3,15,0,pattern
Mod,3,15,0,operator
Module,3,15,0,mod
Mult,3,15,0,operator
Name,3,15,0,expr
NamedExpr,3,15,0,expr
Nonlocal,3,15,0,stmt
Not,3,15,0,unaryop
NotEq,3,15,0,cmpop
NotIn,3,15,0,cmpop
Or,3,15,0,boolop
Param,3,15,0,expr_context
ParamSpec,3,15,0,type_param
Pass,3,15,0,stmt
Pow,3,15,0,operator
RShift,3,15,0,operator
Raise,3,15,0,stmt
Return,3,15,0,stmt
Set,3,15,0,expr
SetComp,3,15,0,expr
Slice,3,15,0,expr
Starred,3,15,0,expr
Store,3,15,0,expr_context
Sub,3,15,0,operator
Subscript,3,15,0,expr
Suite,3,15,0,mod
TemplateStr,3,15,0,expr
Try,3,15,0,stmt
TryStar,3,15,0,stmt
Tuple,3,15,0,expr
TypeAlias,3,15,0,stmt
TypeIgnore,3,15,0,type_ignore
TypeVar,3,15,0,type_param
TypeVarTuple,3,15,0,type_param
UAdd,3,15,0,unaryop
USub,3,15,0,unaryop
UnaryOp,3,15,0,expr
While,3,15,0,stmt
With,3,15,0,stmt
Yield,3,15,0,expr
YieldFrom,3,15,0,expr
alias,3,15,0,AST
arg,3,15,0,AST
arguments,3,15,0,AST
boolop,3,15,0,AST
cmpop,3,15,0,AST
comprehension,3,15,0,AST
excepthandler,3,15,0,AST
expr,3,15,0,AST
expr_context,3,15,0,AST
keyword,3,15,0,AST
match_case,3,15,0,AST
mod,3,15,0,AST
operator,3,15,0,AST
pattern,3,15,0,AST
slice,3,15,0,AST
stmt,3,15,0,AST
type_ignore,3,15,0,AST
type_param,3,15,0,AST
unaryop,3,15,0,AST
withitem,3,15,0,AST
